Experiment,Features,Best Alpha,Train R²,Val R²,Val RMSE,Val MAE,Time (s)
Experiment A: Only 780 Original Features (Baseline),780,0.1,0.147947725342361,0.14097844817723337,0.936936748739497,0.6237626170988944,80.64440727233887
Experiment B: Only New Engineered Features,14,100.0,0.0012993821318960652,0.0007106071938085545,1.0105408686248796,0.6410402030223306,1.0326566696166992
Experiment C: 780 + New Features (Full Model),794,0.1,0.14817785310123044,0.14142854093944723,0.9366912579817795,0.6236581729080146,79.74592232704163
