{
  "alphas": [
    0.1,
    0.2,
    0.3,
    0.4,
    0.5,
    0.6,
    0.7,
    0.8,
    0.9
  ],
  "per_alpha": {
    "0.1": [
      0.11160376678090073,
      0.10914961334938338,
      0.04624767507890946,
      0.06551187534069362
    ],
    "0.2": [
      0.11495118960637934,
      0.10939870267679157,
      0.04871783166823057,
      0.067656494287976
    ],
    "0.3": [
      0.116766293352275,
      0.10908968634811592,
      0.0513470431389913,
      0.06985266886227735
    ],
    "0.4": [
      0.11633036303509266,
      0.10780207589561525,
      0.05406548289331916,
      0.07200712275452999
    ],
    "0.5": [
      0.11315113761761234,
      0.1048758759162977,
      0.05674313940068415,
      0.07396695197739389
    ],
    "0.6": [
      0.10723344658597965,
      0.09937542009413727,
      0.05916995876309056,
      0.07550278904093963
    ],
    "0.7": [
      0.0991423004732102,
      0.09023182442787882,
      0.06105117030000444,
      0.07630565933264197
    ],
    "0.8": [
      0.08977817897364962,
      0.07675733408198016,
      0.06204148421660582,
      0.07601839855901289
    ],
    "0.9": [
      0.08003925152076351,
      0.05942329240270629,
      0.061835144966172914,
      0.07432010384896579
    ]
  },
  "xgb_pearsons": [
    0.07059547365599814,
    0.04011088155389792,
    0.06028866799661028,
    0.07105129161016292
  ],
  "mlp_pearsons": [
    0.10740795093570701,
    0.10859736999309323,
    0.043966745976587306,
    0.06347059834887017
  ]
}