alpha,avg_pearson,std_pearson
0.0,0.104744,0.033701
0.1,0.105524,0.032056
0.2,0.104529,0.028933
0.3,0.10155,0.024612
0.4,0.096674,0.019806
0.5,0.090239,0.015421
0.6,0.082726,0.012277
0.7,0.074655,0.010832
0.8,0.066502,0.010877
0.9,0.058634,0.011729
1.0,0.051287,0.012822
