{
  "method": "walk_forward",
  "n_folds": 5,
  "fold_results": [
    {
      "fold": 1,
      "best_alpha": 1000.0,
      "train_metrics": {
        "mse": 0.7317985083915133,
        "rmse": 0.8554522244938716,
        "mae": 0.5776585333205513,
        "r2": 0.27022784533868704,
        "pearson": 0.5228711588871038
      },
      "val_metrics": {
        "mse": 1.3306786281770708,
        "rmse": 1.1535504445740856,
        "mae": 0.7734803291475407,
        "r2": -0.25044807254698265,
        "pearson": 0.10356015242471286
      }
    },
    {
      "fold": 2,
      "best_alpha": 1000.0,
      "train_metrics": {
        "mse": 0.6292662331993083,
        "rmse": 0.7932630290132702,
        "mae": 0.5386521242748524,
        "r2": 0.2882194747237702,
        "pearson": 0.5403369009926925
      },
      "val_metrics": {
        "mse": 1.3578410778974068,
        "rmse": 1.1652643811158938,
        "mae": 0.8225495316141583,
        "r2": -0.391749497861841,
        "pearson": 0.09971979952011682
      }
    },
    {
      "fold": 3,
      "best_alpha": 1000.0,
      "train_metrics": {
        "mse": 0.6957184387530697,
        "rmse": 0.8340973796584363,
        "mae": 0.5480851444359044,
        "r2": 0.29579580935529914,
        "pearson": 0.5479421572404082
      },
      "val_metrics": {
        "mse": 2.678335511379582,
        "rmse": 1.6365621012902571,
        "mae": 1.081089866641545,
        "r2": -1.5189631260773395,
        "pearson": 0.03432741926898358
      }
    },
    {
      "fold": 4,
      "best_alpha": 1000.0,
      "train_metrics": {
        "mse": 0.6940146764457991,
        "rmse": 0.8330754326264813,
        "mae": 0.5427149477961446,
        "r2": 0.2965351690499175,
        "pearson": 0.5485811821334964
      },
      "val_metrics": {
        "mse": 3.666718625171523,
        "rmse": 1.9148677826867115,
        "mae": 1.283014022981972,
        "r2": -2.5086357526300045,
        "pearson": 0.023029592696204842
      }
    }
  ],
  "note": "Standard KFold CV"
}