feature_1,feature_2,correlation
X62,X104,1.0
X62,X146,1.0
X68,X110,1.0
X68,X152,1.0
X74,X116,1.0
X74,X158,1.0
X80,X122,1.0
X80,X164,1.0
X86,X128,1.0
X86,X170,1.0
X92,X134,1.0
X92,X176,1.0
X98,X140,1.0
X98,X182,1.0
X104,X146,1.0
X110,X152,1.0
X116,X158,1.0
X122,X164,1.0
X128,X170,1.0
X134,X176,1.0
X140,X182,1.0
X309,X351,1.0
X309,X393,1.0
X315,X357,1.0
X315,X399,1.0
X321,X363,1.0
X321,X405,1.0
X327,X369,1.0
X327,X411,1.0
X333,X375,1.0
X333,X417,1.0
X339,X381,1.0
X339,X423,1.0
X345,X387,1.0
X345,X429,1.0
X351,X393,1.0
X357,X399,1.0
X363,X405,1.0
X369,X411,1.0
X375,X417,1.0
X381,X423,1.0
X387,X429,1.0
X584,X590,0.9998009060435787
X581,X587,0.9997904648138555
X572,X578,0.9997057841729797
X569,X575,0.9996908987052546
X560,X566,0.9996028420283232
X557,X563,0.9995747688329175
X298,X300,0.9994467246772114
X545,X551,0.9994408317697115
X548,X554,0.999410691601698
X299,X301,0.9993820332103157
X51,X53,0.9993458980911352
X533,X539,0.9992923921331314
X52,X54,0.9992744065101458
X536,X542,0.9991655963083435
X521,X527,0.9990421112415784
X292,X294,0.9990160269255155
X293,X295,0.998846281486259
X524,X530,0.9987749237180062
X300,X302,0.9985808791864685
X46,X48,0.9985085922536071
X45,X47,0.9984738405011633
X301,X303,0.9984227023101436
X53,X55,0.998346055721004
X286,X288,0.998342655018455
X54,X56,0.9981339962965268
X287,X289,0.9981270603591353
X482,X489,0.9979043655907127
X509,X515,0.9978226349137129
X483,X490,0.9976319037698862
X481,X488,0.9976290803975028
X294,X296,0.9973838741139014
X40,X42,0.9973517103876625
X484,X491,0.9971494673447832
X39,X41,0.9970942065021342
X295,X297,0.996927148876766
X512,X518,0.9967654892599793
X487,X494,0.9967396961287314
X485,X492,0.9964302867114637
X486,X493,0.9963840705804607
X298,X302,0.9962700228868826
X235,X242,0.996138706480156
X48,X50,0.9960342347520453
X47,X49,0.9960240631304432
X236,X243,0.9958858225550153
X299,X303,0.9958458507003705
X281,X283,0.995800119989489
X234,X241,0.9957765946748605
X51,X55,0.9956509787767487
X280,X282,0.9955264452536494
X237,X244,0.9954806608966602
X288,X290,0.9954255310048971
X238,X245,0.9952372046924961
X52,X56,0.9951197332653294
X239,X246,0.9951185090525291
